sep=;
name=ofed_scripts; type=scripts; upstream_status=ignore; upstream_issue=;
name=rebase; type=kernel; upstream_status=NA; upstream_issue=;
name=rebase_upstream_fixes; type=kernel; upstream_status=accepted; upstream_issue=;
name=backports; type=backports; upstream_status=ignore; upstream_issue=;
name=ib_core_bugs; type=bug; upstream_status=in_progress; upstream_issue=;
name=ib_core_bugs_in_review; type=bug; upstream_status=in_progress; upstream_issue=;
name=ipoib_bugs_in_review; type=bug; upstream_status=in_progress; upstream_issue=;
name=mlx5_ib_bugs; type=bug; upstream_status=in_progress; upstream_issue=;
name=mlx5_ib_bugs_in_review; type=bug; upstream_status=in_progress; upstream_issue=;
name=mlx5_en_bugs; type=bug; upstream_status=in_progress; upstream_issue=;
name=mlx5_en_bugs_in_review; type=bug; upstream_status=in_progress; upstream_issue=;
name=mlx5_core_bugs; type=bug; upstream_status=in_progress; upstream_issue=;
name=mlx5_core_bugs_in_review; type=bug; upstream_status=in_progress; upstream_issue=;
name=mlx5_asap_bugs; type=bug; upstream_status=in_progress; upstream_issue=;
name=mlx5_asap_bugs_in_review; type=bug; upstream_status=in_progress; upstream_issue=;
name=sriov_sysfs; type=feature; upstream_status=NA; upstream_issue=;
name=cmd_if_sysfs; type=feature; upstream_status=NA; upstream_issue=;
name=mlx5_sysfs_ecn_mstdump; type=feature; upstream_status=NA; upstream_issue=;
name=special_context; type=feature; upstream_status=NA; upstream_issue=;
name=mlx5e_leftovers_pp_special_q; type=feature; upstream_status=NA; upstream_issue=;
name=peer_direct; type=feature; upstream=in_progress;
name=mlx5_vf_roce_sysfs; type=feature; upstream_status=NA; upstream_issue=;
name=ib_srp_bugs_backlog; type=bug; upstream_status=NA; upstream_issue=;
name=signature_pipeline; type=feature; upstream_status=NA; upstream_issue=;
name=umem_debug_prints; type=feature; upstream_status=in_progress; upstream_issue=;
name=debugfs_prints; type=feature; upstream_status=NA; upstream_issue=;
name=ah_from_wc_noarp; type=bug; upstream_status=in_progress; upstream_issue=;
name=ib_iser_bugs_backlog; type=bug; upstream_status=NA; upstream_issue=;
name=mlx5_eeh_cmd_time_out; type=feature; upstream_status=in_progress; upstream_issue=;
name=restore_ib_guid; type=feature; upstream_status=in_progress; upstream_issue=;
name=mlx5_fast_driver_unload; type=feature; upstream_status=in_progress; upstream_issue=;
name=mlx5_dropless_rq; type=feature; upstream_status=in_progress; upstream_issue=;
name=nvmf_offload; type=feature; upstream_status=in_progress; upstream_issue=;
name=lustre_support; type=feature; upstream_status=NA; upstream_issue=;
name=mlx5e_dscp2prio; type=feature; upstream_status=in_progress; upstream_issue=;
name=nvmf_bugs; type=bug; upstream_status=in_progress; upstream_issue=;
name=nvmf_bugs_decided_to_submit; type=bug; upstream_status=in_progress; upstream_issue=;
name=nvmf_bugs_backlog; type=bug; upstream_status=NA; upstream_issue=;
name=has_smi_sysfs; type=feature; upstream_status=NA; upstream_issue=;
name=mlx5_force_tc; type=feature; upstream_status=NA; upstream_issue=;
name=mlx5_crdump; type=feature; upstream_status=NA; upstream_issue=;
name=mlx5e_rx_buffer_sysfs; type=features; upstream_status=NA; upstream_issue=;
name=mlx5_devlink_sysfs_interface; type=feature; upstream_status=NA; upstream_issue=;
name=mlx5e_counter_groups; type=feature; upstream_status=NA; upstream_issue=;
name=mlx5_pci_status_report; type=feature; upstream_status=in_progress; upstream_issue=;
name=phy_stats_sysfs; type=feature; upstream_status=NA; upstream_issue=;
name=mlx5_diag_cnt; type=feature; upstream_status=in_progress; upstream_issue=;
name=mlx5_vf_mc_bc_disp_sysfs; type=feature; upstream_status=NA; upstream_issue=;
name=mlx5_set_ttl; type=feature; upstream_status=NA; upstream_issue=;
name=mlx5_asap; type=feature; upstream_status=in_progress; upstream_issue=;
name=mlx5e_lro; type=feature; upstream_status=in_progress; upstream_issue=;
name=disable_local_lb; type=feature; upstream_status=NA; upstream_issue=;
name=dc_support; type=feature; upstream_status=ignore; upstream_issue=;
name=pci_device_sysfs; type=feature; upstream_status=NA; upstream_issue=;
name=disable_roce; type=feature; upstream_status=in_progress; upstream_issue=;
name=vf_group_rate_limit; type=feature; upstream_status=NA; upstream_issue=;
name=sw_steering; type=feature; upstream_status=in_progress; upstream_issue=;
name=mlx5e_rxfcs_exclusive; type=feature; upstream_status=NA; upstream_issue=;
name=mlx5_sfs; type=feature; upstream_status=in_progress; upstream_issue=;
name=mlx5_fast_fw_update; type=feature; upstream_status=in_progress; upstream_issue=;
name=asap_compat; type=backports; upstream_status=ignore; upstream_issue=;
name=mlx5_vf_roce_cmd; type=feature; upstream_status=sent; upstream_issue=;
name= tx_xdp_hw_checksum; type=feature; upstream_status=in_progress; upstream_issue=;
name=mlx5_ipsec; type=feature; upstream_status=in_progress; upstream_issue=;
name=mlx5_ipsec_full; type=feature; upstream_status=in_progress; upstream_issue=;
name=uplink_rep_redesign; type=feature; upstream_status=in_progress; upstream_issue=;
name=tls_rx; type=feature; upstream_status=in_progress; upstream_issue=;
name=regex; type=feature; upstream_status=NA; upstream_issue=;
name=gds; type=feature; upstream_status=in_progress; upstream_issue=;
name=depricated_nics; type=feature; upstream_status=NA; upstream_issue=;
name=ATS; type=feature; upstream_status=NA; upstream_issue=;
name=vport_match_control; type=feature; upstream_status=NA; upstream_issue=;
name=smp_mad_window; type=feature; upstream_status=NA; upstream_issue=;
name=sa_mad_cc; type=feature; upstream_status=NA; upstream_issue=;
name=hairpin_packet_pacing; type=feature; upstream_status=NA; upstream_issue=;
name=mlx5_dump_me_now; type=feature; upstream_status=accepted; upstream_issue=;
name=mlx5_bf; type=feature; upstream_status=accepted; upstream_issue=;
name=ct_mt; type=feature; upstream_status=accepted; upstream_issue=;
name=dct; type=feature; upstream_status=in_progress; upstream_issue=;
name=amd_sme; type=feature; upstream_status=NA; upstream_issue=;
name=auxiliary_bus; type=feature; upstream_status=in_progress; upstream_issue=;
name=odp_eq; type=feature; upstream_status=in_progress; upstream_issue=;
name=mlx5e_shared_rq; type=feature; upstream_status=in_progress; upstream_issue=;
name=mlx5_devm; type=feature; upstream_status=NA; upstream_issue=;
name=mlxdevm; type=feature; upstream_status=NA; upstream_issue=;
name=odp; type=feature; upstream_status=in_progress; upstream_issue=;
name=rdma_cm; type=feature; upstream_status=NA; upstream_issue=;
name=multiple_gsi; type=feature; upstream_status=in_progress; upstream_issue=;
name=dc_cnack; type=feature; upstream_status=ignore; upstream_issue=;
name=remove_host_pf; type=feature; upstream_status=in_progress; upstream_issue=;
name=embedded_ib_wa; type=feature; upstream_status=NA; upstream_issue=;
name=devx_query_port; type=feature; upstream_status=NA; upstream_issue=;
name=expose_rdma_bond; type=feature; upstream_status=NA; upstream_issue=;
name=metering; type=feature; upstream_status=NA; upstream_issue=;
name=hairpin_oob_cnt; type=feature; upstream_status=NA; upstream_issue=;
name=vf_page_limit; type=feature; upstream_status=in_progress; upstream_issue=;
name=trust_set_support; type=feature; upstream_status=in_progress; upstream_issue=;
name=increase_low_order_cache_pools_size; type=feature; upstream_status=NA; upstream_issue=;
name=nvme_eff_dma; type=feature; upstream_status=in_progress; upstream_issue=;
name=fw_reset_fixes; type=bug; upstream_status=in_progress; upstream_issue=;
name=misc_fwctl; type=feature; upstream_status=in_progress; upstream_issue=;
name=enable_ro_read_in_vf_old_cap; type=feature; upstream_status=NA; upstream_issue=;
name=ipoib_ulp; type=feature; upstream_status=NA; upstream_issue=;
name=vgtp; type=feature; upstream_status=NA; upstream_issue=;
name=qinq_vst; type=feature; upstream_status=NA; upstream_issue=;
name=odpv2; type=feature; upstream_status=in_progress; upstream_issue=;
name=light_sfs; type=feature; upstream_status=accepted; upstream_issue=;
name=vhca_handler; type=feature; upstream_status=in_progress; upstream_issue=;
name=mlx5e_debug_prints; type=feature; upstream_status=in_progress; upstream_issue=;
name=mlx5e_pfc_stall_prevention_sysfs; type=feature; upstream_stats=in_progress;
name=max_io_eqs; type=feature; upstream_status=in_progress; upstream_issue=;
name=planarized_network; type=feature; upstream_status=in_progress; upstream_issue=;
name=qemu_msix_wa; type=feature; upstream_status=in_progress; upstream_issue=;
name=sf_irqs_exposure_sysfs; type=feature; upstream_stats=in_progress;
name=RDMA event monitoring; type=feature; upstream_status=accepted; upstream_issue=;
name=sync_reset_with_hot_plug; type=feature; upstream_stats=in_progress;
name=out_of_order_qp; type=feature; upstream_status=in_prgress; upstream_issue=;
name=lag_8_ports; type=feature; upstream_status=in_progress; upstream_issue=;
name=lag_with_multi_host;type=feature; upstream_status=in_progress; upstream_issue=;
name=ib_ddos; type=feature; upstream_status=in_progress; upstream_issue=;
name=mad_fc; type=feature; upstream_status=in_progress; upstream_issue=;
name=prdma; type=feature; upstream_status=NA; upstream_issue=4163954;
name=ib_state_log; type=feature; upstream_status=in_progress; upstream_issue=;
name=ptp_clock; type=feature; upstream_status=in_progress; upstream_issue=3975780;
name=fec_800g; type=feature; upstream_status=in_progress; upstream_issue=3840073;
name=mlx5_qos_sysfs_cleanup_bugs; type=bug; upstream_status=NA; upstream_issue=;
name=phy_monitor; type=feature; upstream_status=in_progress; upstream_issue=4221047;
name=mlx5_qos_devlink_cleanup_bugs; type=bug; upstream_status=NA; upstream_issue=;
name=on_behalf; type=feature; upstream_status=in_progress; upstream_issue=;
name=openibd_bugs; type=bug; upstream_status=NA; upstream_issue=;
name=rdma_optional_counters; type=feature; upstream_status=in_progress; upstream_issue=3831318;
name=hqos; type=feature; upstream_status=in_progress; upstream_issue=;
name=virtiofs; type=feature; upstream_status=NA; upstream_issue=;
name=uverbs_propagate_errors; type=feature; upstream_status=in_progress; upstream_issue=4286077;
name=lag_queue_affinity; type=feature; upstream_status=NA; upstream_issue=;
name=roce_hop_limit; type=feature; upstream_status=NA; upstream_issue=;
name=hws; type=feature; upstream_status=in_progress; upstream_issue=4283374;
name=rep_mac_address; type=feature; upstream_status=in_progress; upstream_issue=4431644;
name=sles_support; type=feature; upstream_status=NA; upstream_issue=;
name=ib_namespace; type=feature; upstream_status=NA; upstream_issue=;
name=multiple_doorbells; type=feature; upstream_status=in_progress; upstream_issue=4379028;
name=dmabuf_optimization; type=feature; upstream_status=in_progress; upstream_issue=4477623;
name=access_pf_delegation; type=feature; upstream_status=in_progress; upstream_issue=4379028;
name=relax_order; type=feature; upstream_status=in_progress; upstream_issue=4458822;
name=ets; type=feature; upstream_status=in_progress; upstream_issue=4011965;
name=vrf; type=feature; upstream_status=in_progress; upstream_issue=4546298;
name=roce_lag_container; type=feature; upstream_status=accepted; upstream_issue=4224951;
name=mp_eth_lag; type=feature; upstream_status=accepted; upstream_issue=4400855;
name=nic_availability_counters; type=feature; upstream_status=n_progress; upstream_issue=4379036;
name=cmdif-stall; type=feature; upstream_status=n_progress; upstream_issue=4621781;
name=mr_cache_refactor; type=feature; upstream_status=in_progress; upstream_issue=4115388;
name=congestion_control_en_fwctl; type=feature; upstream_status=accepted; upstream_issue=4310328;
name=twin-esw; type=feature; upstream_status=in_progress; upstream_issue=4314625;
name=tx_cqe_compression; type=feature; upstream_status=NA; upstream_issue=;
name=1600G; type=feature; upstream_status=in_progress; upstream_issue=4680428;
name=mp_lag_affinity_missing_commits; type=feature; upstream_status=in_progress; upstream_issue=4469439;
name=query_effective_VF_bandwidth; type=feature; upstream_status=in_progress; upstream_issue=4529371;
name=max_ratelimit_255G; type=feature; upstream_status=in_progress; upstream_issue=4599396;
name=memtrack; type=feature; upstream_status=NA; upstream_issue=;
name=shampo_fixes; type=feature; upstream_status=in_progress; upstream_issue=4200503;
name=rdma_export_dma_buf_fd; type=feature; upstream_status=accepted; upstream_issue=4659047;
name=frag_buf_dma_pools; type=feature; upstream_status=in_progress; upstream_issue=4681373;
name=tlp; type=feature; upstream_status=accepted; upstream_issue=4643067;
name=nvme_mdts; type=feature; upstream_status=accepted; upstream_issue=;
name=CoCo_VM; type=feature; upstream_status=in_progress; upstream_issue=4107563;
name=bf4_sd_merged_esw; type=feature; upstream_status=in_progress; upstream_issue=4680618;
name=security; type=bug; upstream_status=NA; upstream_issue=;
name=roce_accl_vf_counters; type=feature; upstream_status=in_progress; upstream_issue=5128557;
name=bytedance_arp_replay; type=feature; upstream_status=in_progress; upstream_issue=5105915;
name=cross_eswitch_qos; type=feature; upstream_status=in_progress; upstream_issue=4372350
